{
  "cameraViews": [
    {
      "position": {
        "x": 0,
        "y": 1.7458257062230587e-14,
        "z": 150,
        "isVector3": true
      },
      "target": {
        "x": 0,
        "y": -0.2,
        "z": 0,
        "isVector3": true
      },
      "quaternion": {
        "x": -0.0006666662222227906,
        "y": 0,
        "z": 0,
        "w": 0.9999997777780495,
        "isQuaternion": true
      },
      "up": {
        "x": 0,
        "y": 0.9999991111122963,
        "z": -0.0013333321481498448,
        "isVector3": true
      },
      "duration": 1,
      "name": "girdleView",
      "serializableClassId": "CameraView"
    },
    {
      "position": {
        "x": 0,
        "y": 1.7458257062230587e-14,
        "z": 150,
        "isVector3": true
      },
      "target": {
        "x": 0,
        "y": -0.2,
        "z": 0,
        "isVector3": true
      },
      "quaternion": {
        "x": -0.0006666662222227906,
        "y": 0,
        "z": 0,
        "w": 0.9999997777780495,
        "isQuaternion": true
      },
      "up": {
        "x": 0,
        "y": 0.9999991111122963,
        "z": -0.0013333321481498448,
        "isVector3": true
      },
      "duration": 1,
      "name": "pavilionHeightView",
      "serializableClassId": "CameraView"
    },
    {
      "position": {
        "x": 0,
        "y": 200,
        "z": 0.00017519999999997184,
        "isVector3": true
      },
      "target": {
        "x": 0,
        "y": -0.2,
        "z": 0,
        "isVector3": true
      },
      "quaternion": {
        "x": -0.7071064276330685,
        "y": 0,
        "z": 0,
        "w": 0.7071071347398498,
        "isQuaternion": true
      },
      "up": {
        "x": 0,
        "y": 0.0000010000000000287559,
        "z": -0.9999999999995001,
        "isVector3": true
      },
      "duration": 1,
      "name": "crownFacetView",
      "serializableClassId": "CameraView"
    },
    {
      "position": {
        "x": -120.00000000000006,
        "y": 100,
        "z": 50,
        "isVector3": true
      },
      "target": {
        "x": 0,
        "y": 0,
        "z": 0,
        "isVector3": true
      },
      "quaternion": {
        "x": -0.26792536977950504,
        "y": -0.5251555065083983,
        "z": -0.17861691318633674,
        "w": 0.7877332597625974,
        "isQuaternion": true
      },
      "up": {
        "x": 0.5628099330920235,
        "y": 0.7926239891046003,
        "z": -0.2345041387883431,
        "isVector3": true
      },
      "duration": 1,
      "name": "initialView",
      "serializableClassId": "CameraView"
    },
    {
      "position": {
        "x": 150,
        "y": 0,
        "z": 9.184850993605149e-15,
        "isVector3": true
      },
      "target": {
        "x": 0,
        "y": -0.2,
        "z": 0,
        "isVector3": true
      },
      "quaternion": {
        "x": -0.0004714042065216747,
        "y": 0.7071066240518993,
        "z": 0.00047140420652167463,
        "w": 0.7071066240518995,
        "isQuaternion": true
      },
      "up": {
        "x": -0.0013333321481496228,
        "y": 0.9999991111122963,
        "z": -1.0842021724855044e-19,
        "isVector3": true
      },
      "duration": 1,
      "name": "tableView",
      "serializableClassId": "CameraView"
    },
    {
      "position": {
        "x": 0,
        "y": 1.7458257062230587e-14,
        "z": 150,
        "isVector3": true
      },
      "target": {
        "x": 0,
        "y": -0.2,
        "z": 0,
        "isVector3": true
      },
      "quaternion": {
        "x": -0.0006666662222227906,
        "y": 0,
        "z": 0,
        "w": 0.9999997777780495,
        "isQuaternion": true
      },
      "up": {
        "x": 0,
        "y": 0.9999991111122963,
        "z": -0.0013333321481498448,
        "isVector3": true
      },
      "duration": 1,
      "name": "crownHeightView",
      "serializableClassId": "CameraView"
    },
    {
      "position": {
        "x": 150,
        "y": 0,
        "z": 9.184850993605149e-15,
        "isVector3": true
      },
      "target": {
        "x": 0,
        "y": -0.2,
        "z": 0,
        "isVector3": true
      },
      "quaternion": {
        "x": -0.0004714042065216747,
        "y": 0.7071066240518993,
        "z": 0.00047140420652167463,
        "w": 0.7071066240518995,
        "isQuaternion": true
      },
      "up": {
        "x": -0.0013333321481496228,
        "y": 0.9999991111122963,
        "z": -1.0842021724855044e-19,
        "isVector3": true
      },
      "duration": 1,
      "name": "depthView",
      "serializableClassId": "CameraView"
    },
    {
      "position": {
        "x": 0,
        "y": -200,
        "z": 0.00017599581952838181,
        "isVector3": true
      },
      "target": {
        "x": 0,
        "y": 0,
        "z": 0,
        "isVector3": true
      },
      "quaternion": {
        "x": 0.7071064256212084,
        "y": 0,
        "z": 0,
        "w": 0.7071071367517079,
        "isQuaternion": true
      },
      "up": {
        "x": 0,
        "y": 0.0000010056903972932574,
        "z": 0.9999999999994943,
        "isVector3": true
      },
      "duration": 1,
      "name": "pavilionFacetView",
      "serializableClassId": "CameraView"
    },
    {
      "position": {
        "x": 0,
        "y": 200,
        "z": 0.0001752000000000584,
        "isVector3": true
      },
      "target": {
        "x": 0,
        "y": -0.2,
        "z": 0,
        "isVector3": true
      },
      "quaternion": {
        "x": -0.7071064276330686,
        "y": 0,
        "z": 0,
        "w": 0.7071071347398497,
        "isQuaternion": true
      },
      "up": {
        "x": 0,
        "y": 9.999999996956888e-7,
        "z": -0.9999999999995001,
        "isVector3": true
      },
      "duration": 1,
      "name": "ratioView",
      "serializableClassId": "CameraView"
    }
  ],
  "viewLooping": false,
  "viewPauseTime": 200,
  "animEase": "easeInOutSine",
  "animDuration": 1000,
  "rotationOffset": 0.25,
  "interpolateMode": "spherical",
  "splineCurve": "chordal",
  "seekOnScroll": false,
  "type": "CameraViews",
  "resources": {
    "geometries": {},
    "materials": {},
    "textures": {},
    "images": {},
    "shapes": {},
    "skeletons": {},
    "animations": {},
    "extras": {}
  }
}