{
  "cameraViews": [
    {
      "position": {
        "x": 0,
        "y": 0.12550409095132342,
        "z": 119.99984670432399,
        "isVector3": true
      },
      "target": {
        "x": -0.029,
        "y": 0.002290832118207099,
        "z": 0,
        "isVector3": true
      },
      "quaternion": {
        "x": -0.0005133890125982277,
        "y": 0.00012083346912343582,
        "z": 6.203458403014914e-8,
        "w": 0.9999998609154856,
        "isQuaternion": true
      },
      "up": {
        "x": -2.481383016083967e-7,
        "y": 0.9999994728634358,
        "z": -0.0010267778673958246,
        "isVector3": true
      },
      "duration": 1,
      "name": "girdleView",
      "serializableClassId": "CameraView"
    },
    {
      "position": {
        "x": -3.469446951953614e-18,
        "y": 0.12550409095132342,
        "z": 119.99984670432399,
        "isVector3": true
      },
      "target": {
        "x": -0.029,
        "y": 0.002290832118207099,
        "z": 0,
        "isVector3": true
      },
      "quaternion": {
        "x": -0.0005133890125982277,
        "y": 0.00012083346912343582,
        "z": 6.203458403014914e-8,
        "w": 0.9999998609154856,
        "isQuaternion": true
      },
      "up": {
        "x": -2.481383016083967e-7,
        "y": 0.9999994728634358,
        "z": -0.0010267778673958246,
        "isVector3": true
      },
      "duration": 1,
      "name": "pavilionHeightView",
      "serializableClassId": "CameraView"
    },
    {
      "position": {
        "x": -0.057561064076195115,
        "y": 176,
        "z": -0.06848307181947932,
        "isVector3": true
      },
      "target": {
        "x": -0.05756014271742024,
        "y": 0,
        "z": -0.0686607883735943,
        "isVector3": true
      },
      "quaternion": {
        "x": -0.7071040484966497,
        "y": -0.0018329547385410746,
        "z": -0.0018329528876853177,
        "w": 0.7071047625071449,
        "isQuaternion": true
      },
      "up": {
        "x": 0.005184358865334048,
        "y": 0.0000010097667185737793,
        "z": -0.9999865611207663,
        "isVector3": true
      },
      "duration": 1,
      "name": "crownFacetView",
      "serializableClassId": "CameraView"
    },
    {
      "position": {
        "x": -140.28287692883944,
        "y": 95.29722927080881,
        "z": 89.65503642847588,
        "isVector3": true
      },
      "target": {
        "x": 0.0028097461034693777,
        "y": -0.006626343532229688,
        "z": -0.14032741156466239,
        "isVector3": true
      },
      "quaternion": {
        "x": -0.2253994742526806,
        "y": -0.4639317875730027,
        "z": -0.12334414087488621,
        "w": 0.8477904200908205,
        "isQuaternion": true
      },
      "up": {
        "x": 0.41827992403224445,
        "y": 0.867962599836903,
        "z": -0.26773649440437597,
        "isVector3": true
      },
      "duration": 1,
      "name": "initialView",
      "serializableClassId": "CameraView"
    },
    {
      "position": {
        "x": 164.0000131469706,
        "y": 0.26781761830523315,
        "z": -0.24034738274383383,
        "isVector3": true
      },
      "target": {
        "x": 0.00008441629296357233,
        "y": -0.0007678421404846146,
        "z": -0.06669516493693463,
        "isVector3": true
      },
      "quaternion": {
        "x": -0.000578712837881496,
        "y": 0.707480806671147,
        "z": 0.0005793259355410551,
        "w": 0.7067320833702506,
        "isQuaternion": true
      },
      "up": {
        "x": -0.0016377129015013973,
        "y": 0.9999986589458234,
        "z": 0.000001734101226005748,
        "isVector3": true
      },
      "duration": 1,
      "name": "tableView",
      "serializableClassId": "CameraView"
    },
    {
      "position": {
        "x": -3.469446951953614e-18,
        "y": 0.12550409095132342,
        "z": 119.99984670432399,
        "isVector3": true
      },
      "target": {
        "x": -0.029,
        "y": 0.002290832118207099,
        "z": 0,
        "isVector3": true
      },
      "quaternion": {
        "x": -0.0005133890125982277,
        "y": 0.00012083346912343582,
        "z": 6.203458403014914e-8,
        "w": 0.9999998609154856,
        "isQuaternion": true
      },
      "up": {
        "x": -2.481383016083967e-7,
        "y": 0.9999994728634358,
        "z": -0.0010267778673958246,
        "isVector3": true
      },
      "duration": 1,
      "name": "crownHeightView",
      "serializableClassId": "CameraView"
    },
    {
      "position": {
        "x": 164.0000131469706,
        "y": 0.26781761830523315,
        "z": -0.24034738274383383,
        "isVector3": true
      },
      "target": {
        "x": 0.00008441629296357233,
        "y": -0.0007678421404846146,
        "z": -0.06669516493693463,
        "isVector3": true
      },
      "quaternion": {
        "x": -0.000578712837881496,
        "y": 0.707480806671147,
        "z": 0.0005793259355410551,
        "w": 0.7067320833702506,
        "isQuaternion": true
      },
      "up": {
        "x": -0.0016377129015013973,
        "y": 0.9999986589458234,
        "z": 0.000001734101226005748,
        "isVector3": true
      },
      "duration": 1,
      "name": "depthView",
      "serializableClassId": "CameraView"
    },
    {
      "position": {
        "x": -0.03287965621411201,
        "y": -176,
        "z": 0.6072147321060251,
        "isVector3": true
      },
      "target": {
        "x": -0.030573877747341143,
        "y": -0.00008837537087079548,
        "z": -0.06747904888472778,
        "isVector3": true
      },
      "quaternion": {
        "x": 0.7057491083328397,
        "y": -0.0012105836812657633,
        "z": 0.0012059517897781633,
        "w": 0.7084597915583024,
        "isQuaternion": true
      },
      "up": {
        "x": -0.0034174734144623966,
        "y": 0.0038334835353652794,
        "z": 0.9999868125527686,
        "isVector3": true
      },
      "duration": 1,
      "name": "pavilionFacetView",
      "serializableClassId": "CameraView"
    },
    {
      "position": {
        "x": -0.057561064076195115,
        "y": 176,
        "z": -0.06848307181947932,
        "isVector3": true
      },
      "target": {
        "x": -0.05756014271742024,
        "y": 0,
        "z": -0.0686607883735943,
        "isVector3": true
      },
      "quaternion": {
        "x": -0.7071040484966497,
        "y": -0.0018329547385410746,
        "z": -0.0018329528876853177,
        "w": 0.7071047625071449,
        "isQuaternion": true
      },
      "up": {
        "x": 0.005184358865334048,
        "y": 0.0000010097667185737793,
        "z": -0.9999865611207663,
        "isVector3": true
      },
      "duration": 1,
      "name": "ratioView",
      "serializableClassId": "CameraView"
    }
  ],
  "viewLooping": false,
  "viewPauseTime": 200,
  "animEase": "easeInOutSine",
  "animDuration": 1000,
  "rotationOffset": 0.25,
  "interpolateMode": "spherical",
  "splineCurve": "chordal",
  "seekOnScroll": false,
  "type": "CameraViews",
  "resources": {
    "geometries": {},
    "materials": {},
    "textures": {},
    "images": {},
    "shapes": {},
    "skeletons": {},
    "animations": {},
    "extras": {}
  }
}